q_id,Faithfulness,Answer_Relevancy,Contextual_Recall,Contextual_Precision,Contextual_Relevancy
1,1.0,0.8571428571428571,1.0,0.8041666666666667,0.4
2,1.0,0.6666666666666666,1.0,0.75,0.2727272727272727
3,1.0,1.0,1.0,1.0,0.4117647058823529
4,1.0,0.6666666666666666,1.0,0.8875,0.56
5,1.0,1.0,1.0,0.5,0.2
6,,,,,
7,,,,,
8,,,,,
9,,,,,
10,,,,,
11,,,,,
12,,,,,
13,,,,,
14,,,,,
15,,,,,
16,,,,,
17,,,,,
18,,,,,
19,,,,,
20,,,,,
21,,,,,
22,,,,,
23,,,,,
24,,,,,
25,,,,,
26,,,,,
27,,,,,
28,,,,,
29,,,,,
30,,,,,
